Course,Location,Utilization Rate,Course Waitlist,Visits,Coordinates
Cardio High/Low,Toronto Pan Am Sports Centre,0.12,0,27,"43.791578,-79.19400080000003"
Cardio High/Low,Port Union Community Recreation Centre,0.025,0,460,"43.7805404,-79.14038929999998"
Cardio High/Low,Centennial Recreation Centre-Scarborough,0.8,18,847,"43.7733929,-79.23595169999999"
Yoga: Hatha,Edenbridge Seniors Centre,1.1,1,121,"43.6773759,-79.51010629999996"
Yoga/Pilates Fusion,Edenbridge Seniors Centre,0.6,0,72,"43.6773759,-79.51010629999996"
Yoga: Hatha,Edenbridge Seniors Centre,1,0,120,"43.6773759,-79.51010629999996"
Tai Chi- Beginner,Toronto Pan Am Sports Centre,0.4,0,120,"43.791578,-79.19400080000003"
Pilates,Memorial Pool And Health Club,0.96667,3,324,"43.6479023,-79.51853979999999"
Yoga,Malvern Recreation Centre,1,32,300,"43.8093594,-79.21621240000002"
Step: Advanced,Edithvale Community Centre,0.6,0,132,"43.7771858,-79.42555349999998"
Yoga: Hatha,Edenbridge Seniors Centre,1.1,6,132,"43.6773759,-79.51010629999996"
Gentle Fit,Oakdale Community Centre,1.28,1,352,"43.7487465,-79.51291759999998"
Gentle Fit,Oakdale Community Centre,1.16,0,319,"43.7487465,-79.51291759999998"
Yoga,North Toronto Memorial Community Centre,0.68,0,187,"43.7061669,-79.40532659999997"
Tai Chi: Beginner,Barbara Frum Community Centre,0.64,0,160,"43.7207412,-79.43214820000003"
Yoga,Warden Hilltop Community Centre,0.8125,1,143,"43.7161436,-79.28219939999997"
Osteo Fit,Edenbridge Seniors Centre,0.75,0,108,"43.6773759,-79.51010629999996"
Yoga: Chair,Scarborough Village Recreation Centre,1,15,220,"43.7410772,-79.21656489999998"
Tai Chi - Intermediate,Fairfield Seniors' Centre,0.9,0,81,"43.6395271,-79.51941820000002"
Yoga: Hatha,Fairfield Seniors' Centre,1,6,180,"43.6395271,-79.51941820000002"
Yoga: Hatha,Fairfield Seniors' Centre,1.05,0,189,"43.6395271,-79.51941820000002"
Pilates,Memorial Pool And Health Club,0.4,0,183,"43.6479023,-79.51853979999999"
Yoga: Intermediate,Toronto Pan Am Sports Centre,0.2,0,32,"43.791578,-79.19400080000003"
Yoga - Child,Agincourt Recreation Centre,0.94118,0,160,"43.7880426,-79.27506549999998"
Cardio Mix,John G. Althouse CS,0.86667,0,234,"43.66795159999999,-79.55419749999999"
Yoga: Intermediate,L'Amoreaux Community Recreation Centre,0.75,15,150,"43.812911,-79.30359770000001"
Yoga,Stephen Leacock Community Centre,1,23,200,"43.7870239,-79.30183669999997"
Gentle Fit,Stephen Leacock Seniors Community Centre,0.93333,3,308,"43.7870239,-79.30183669999997"
Stretch & Strength,Stephen Leacock Seniors Community Centre,0.96667,5,319,"43.7870239,-79.30183669999997"
Body Sculpt,Secord Community Centre,0.96667,6,261,"43.6922353,-79.3011323"
Yoga,Driftwood Community Recreation Centre,1.35,6,270,"43.7652519,-79.51853979999999"
Yoga Intermediate,Mitchell Field Community Centre,0.94444,2,170,"43.7746895,-79.40831689999999"
Stretch and Strength,Don Montgomery Community Centre,0.9,0,450,"43.7329285,-79.26167699999996"
Yoga: Hatha,Trace Manes Park Community Centre,0.90476,2,209,"43.7055724,-79.36732330000001"
Yoga:,Douglas Snow Aquatic Centre,0.66667,0,132,"43.7674564,-79.41324200000003"
Yoga,Roding Community Centre,0.75,0,165,"43.7265239,-79.49358860000001"
Gentle Fit,Driftwood Community Recreation Centre,0.7,0,210,"43.7652519,-79.51853979999999"
Gentle Fit,Driftwood Community Recreation Centre,0.6,0,162,"43.7652519,-79.51853979999999"
Yoga: Hatha,Birkdale Community Centre,0.95,0,209,"43.7682116,-79.26396729999999"
Learn to Weight Train,Centennial Recreation Centre-Scarborough,0.875,14,112,"43.7733929,-79.23595169999999"
Yoga - Preschool,Ellesmere Community Centre,0.75,1,66,"43.7607276,-79.29901899999999"
Cardio High/Low,Don Montgomery Community Centre,0.95,6,209,"43.7329285,-79.26167699999996"
Yoga: Chair,Stephen Leacock Seniors Community Centre,1,9,275,"43.7870239,-79.30183669999997"
Yoga,Stephen Leacock Seniors Community Centre,1,6,250,"43.7870239,-79.30183669999997"
Tai Chi,Birkdale Community Centre,0.8,0,185,"43.7682116,-79.26396729999999"
Tai Chi,Heron Park Community Centre,0.93333,11,522,"43.7680142,-79.17636879999998"
Walk Fit,North Kipling Community Centre,1.06667,8,432,"43.7595645,-79.58211670000003"
Step : Intermediate,Mitchell Field Community Centre,0.06667,0,73,"43.7746895,-79.40831689999999"
Step: Beginner,Mitchell Field Community Centre,0.16667,0,84,"43.7746895,-79.40831689999999"
Cardio High/Low,Port Union Community Recreation Centre,0.05,0,470,"43.7805404,-79.14038929999998"
ZUMBA (R) KIDS,Ellesmere Community Centre,0.35,0,63,"43.7607276,-79.29901899999999"
Tai Chi: Wu Style Intermediate-Advanced,North Toronto Memorial Community Centre,0.6,0,165,"43.7061669,-79.40532659999997"
Gentle Fit,Chalkfarm Community Centre,1.05,0,420,"43.7242326,-79.51203909999998"
Gentle Fit,Chalkfarm Community Centre,1.025,0,410,"43.7242326,-79.51203909999998"
Cardio High/Low,Hollycrest CS,0.33333,0,550,"43.65616430000001,-79.58246789999998"
Yoga - Child,Stephen Leacock Community Centre,5,0,50,"43.7870239,-79.30183669999997"
Gentle Fit,Trace Manes Park Community Centre,1,0,215,"43.7055724,-79.36732330000001"
Yoga,Stephen Leacock Community Centre,0.9,14,180,"43.7870239,-79.30183669999997"
Gentle Fit,Chalkfarm Community Centre,1.175,0,470,"43.7242326,-79.51203909999998"
Cardio High/Low (Formally Fitness),Scarborough Village Recreation Centre,1,6,443,"43.7410772,-79.21656489999998"
Cardio High/Low (Formally Fitness),Scarborough Village Recreation Centre,1,12,443,"43.7410772,-79.21656489999998"
Cardio High/Low,Birkdale Community Centre,1,2,350,"43.7682116,-79.26396729999999"
Walk Fit,North Kipling Community Centre,0.76667,0,207,"43.7595645,-79.58211670000003"
Cardio High/Low,Ellesmere Community Centre,0.08,0,565,"43.7607276,-79.29901899999999"
Cardio High/Low,Ellesmere Community Centre,0.12,0,208,"43.7607276,-79.29901899999999"
Stretch and Strength,Scarborough Village Recreation Centre,1,11,275,"43.7410772,-79.21656489999998"
Stretch and Strength,Birkdale Community Centre,0.675,0,343,"43.7682116,-79.26396729999999"
Cardio High/Low,Ellesmere Community Centre,0.08,0,370,"43.7607276,-79.29901899999999"
Tai Chi- Intermediate,Scarborough Village Recreation Centre,0.96,0,282,"43.7410772,-79.21656489999998"
Cardio High/Low,Ellesmere Community Centre,0.16,0,424,"43.7607276,-79.29901899999999"
Yoga,McGregor Park Community Centre,0.46667,0,154,"43.7471605,-79.28070220000001"
Gentle Fit,Cummer Park Community Centre,0.6,0,166,"43.79916619999999,-79.37119469999999"
Gentle Fit,Cummer Park Community Centre,0.46667,0,151,"43.79916619999999,-79.37119469999999"
Tai Chi,East York Community Centre,0.7,0,168,"43.6909001,-79.34910789999998"
Cardio Low Impact,Stan Wadlow Clubhouse,0.75,0,165,"43.6988304,-79.3145151"
Cardio Dance,Birkdale Community Centre,0.46667,0,178,"43.7682116,-79.26396729999999"
Yoga: Beginner,Douglas Snow Aquatic Centre,0.95833,0,253,"43.7674564,-79.41324200000003"
Yoga,Oakridge Community Recreation Centre,0.9,23,297,"43.6945218,-79.28299199999998"
Tai Chi,Ellesmere Community Centre,0.2,0,55,"43.7607276,-79.29901899999999"
Cardio High/Low,Milliken Park Community Recreation,0.46667,0,126,"43.8302091,-79.2740086"
Gentle Fit: Beginner,Edithvale Community Centre,0.96429,3,400,"43.7771858,-79.42555349999998"
Post Natal Yoga,Joseph J. Piccininni Community Centre,0.2,0,33,"43.6744016,-79.4524571"
Cardio Mix,Edithvale Community Centre,0.44,0,255,"43.7771858,-79.42555349999998"
Cardio High/Low,Goulding Community Centre,0.2,0,90,"43.7908924,-79.42186019999997"
Yoga,Edgehill House,1,1,40,"43.6714413,-79.51326899999998"
Yoga,New Toronto Seniors Centre,0.9,0,81,"43.6004337,-79.50114500000001"
Yoga,S.H. Armstrong Community Centre,0.66667,0,72,"43.66623620000001,-79.32243829999999"
Cardio High/Low,St. Leonard's Church,0.03333,0,12,"43.7263754,-79.40128070000003"
Cardio High/Low,St. Leonard's Church,0.3,0,742,"43.7263754,-79.40128070000003"
Cardio High/Low,St. Leonard's Church,0.03333,0,11,"43.7263754,-79.40128070000003"
Gentle Fit,Pleasantview Community Centre,0.4,0,120,"43.78748239999999,-79.33652219999999"
Stretch and Strength,Jimmie Simpson Recreation Centre,0.63333,0,238,"43.661372,-79.34479549999998"
Stretch and Strength,Matty Eckler Recreation Centre,0.7,0,193,"43.6680898,-79.33898669999996"
Tai Chi: Intermediate,Antibes Community Centre,0.94444,8,170,"43.7810253,-79.44691879999999"
Pilates: Beginner,Barbara Frum Community Centre,0.95455,0,210,"43.7207412,-79.43214820000003"
ZUMBA,Joseph J. Piccininni Community Centre,1,0,90,"43.6744016,-79.4524571"
Body Sculpt,Edithvale Community Centre,0.31818,0,223,"43.7771858,-79.42555349999998"
Yoga: Caregiver and Baby,Edithvale Community Centre,0.7,7,77,"43.7771858,-79.42555349999998"
Yoga,Scarborough Village Recreation Centre,0.93333,22,334,"43.7410772,-79.21656489999998"
Yoga,Scarborough Village Recreation Centre,1,19,355,"43.7410772,-79.21656489999998"
Tai Chi: Yang Style Beginner,Cummer Park Community Centre,0.8,0,192,"43.79916619999999,-79.37119469999999"
Yoga: Women Only,Oriole Community Centre,0.94444,34,153,"43.7794389,-79.34849179999998"
ZUMBA GOLD (R),Milliken Park Community Recreation,0.43333,0,130,"43.8302091,-79.2740086"
Pilates: Intermediate,Memorial Pool And Health Club,0.72,0,198,"43.6479023,-79.51853979999999"
Yoga,Oriole Community Centre,0.8,27,160,"43.7794389,-79.34849179999998"
Cardio High/Low,Toronto Pan Am Sports Centre,0.24,0,108,"43.791578,-79.19400080000003"
Boot Camp,Toronto Pan Am Sports Centre,0.6,0,81,"43.791578,-79.19400080000003"
Yoga,Oriole Community Centre,0.82609,21,171,"43.7794389,-79.34849179999998"
Yoga,Milliken Park Community Recreation,1,0,200,"43.8302091,-79.2740086"
Yoga,Stephen Leacock Community Centre,1,29,180,"43.7870239,-79.30183669999997"
Yoga: Hatha,Trace Manes Park Community Centre,0.94444,6,187,"43.7055724,-79.36732330000001"
Pilates,St. Marcellus CSS,1,0,90,"43.67951739999999,-79.55419749999999"
Pilates,St. Marcellus CSS,0.9,0,72,"43.67951739999999,-79.55419749999999"
Family Yoga,Don Montgomery Community Centre,0.2,19,33,"43.7329285,-79.26167699999996"
Yoga,Antibes Community Centre,0.81481,5,220,"43.7810253,-79.44691879999999"
Yoga,North Toronto Memorial Community Centre,1.04,15,286,"43.7061669,-79.40532659999997"
Yoga,North Toronto Memorial Community Centre,1,10,275,"43.7061669,-79.40532659999997"
Yoga: Hatha,Edithvale Community Centre,0.96,1,264,"43.7771858,-79.42555349999998"
Yoga,Antibes Community Centre,1,33,153,"43.7810253,-79.44691879999999"
Yoga/Pilates Fusion,Heron Park Community Centre,0.95,18,490,"43.7680142,-79.17636879999998"
Yoga: Hatha - Beginner,East York Community Centre,0.55,0,132,"43.6909001,-79.34910789999998"
Yoga,North Kipling Community Centre,1.13333,0,459,"43.7595645,-79.58211670000003"
Yoga,North Kipling Community Centre,1.02222,5,414,"43.7595645,-79.58211670000003"
Yoga: Caregiver and Baby,East York Community Centre,0.5,0,72,"43.6909001,-79.34910789999998"
Yoga: Caregiver and Baby,Jimmie Simpson Recreation Centre,0.65,0,156,"43.661372,-79.34479549999998"
Yoga: Hatha,Jimmie Simpson Recreation Centre,0.96667,24,391,"43.661372,-79.34479549999998"
Tai Chi,Horner Ave Seniors Centre,0.15,0,60,"43.606533,-79.52697239999998"
ZUMBA (R),Centennial Recreation Centre-Scarborough,0.875,57,720,"43.7733929,-79.23595169999999"
Cardio High/Low,Warden Hilltop Community Centre,0.06667,0,22,"43.7161436,-79.28219939999997"
Cardio Mix,Port Union Community Recreation Centre,0.05,0,460,"43.7805404,-79.14038929999998"
Cardio Mix,Port Union Community Recreation Centre,0.025,0,460,"43.7805404,-79.14038929999998"
Cardio Mix,Port Union Community Recreation Centre,0.25,0,500,"43.7805404,-79.14038929999998"
Cardio Bollywood,West Rouge Community Centre,0.125,0,500,"43.7914676,-79.1248645"
ZUMBA (R),Heron Park Community Centre,0.975,27,790,"43.7680142,-79.17636879999998"
Cardio High/Low,Centennial Recreation Centre-Scarborough,0.95,27,830,"43.7733929,-79.23595169999999"
Cardio High/Low,Centennial Recreation Centre-Scarborough,0.875,23,800,"43.7733929,-79.23595169999999"
Body Sculpt,West Rouge Community Centre,0.075,0,435,"43.7914676,-79.1248645"
ZUMBA (R),Port Union Community Recreation Centre,0.35556,0,610,"43.7805404,-79.14038929999998"
Cardio High/Low,Port Union Community Recreation Centre,0.1,0,423,"43.7805404,-79.14038929999998"
Body Sculpt,West Rouge Community Centre,0.075,0,480,"43.7914676,-79.1248645"
Cardio High/Low,Centennial Recreation Centre-Scarborough,0.95,23,830,"43.7733929,-79.23595169999999"
Cardio High/Low,Centennial Recreation Centre-Scarborough,0.925,24,820,"43.7733929,-79.23595169999999"
Cardio NIA,West Rouge Community Centre,0.125,0,450,"43.7914676,-79.1248645"
Post Natal Fitness,West Rouge Community Centre,0.2,0,120,"43.7914676,-79.1248645"
Yoga,Carmine Stefano Community Centre,0.4,0,72,"43.7258122,-79.53716079999998"
Yoga,Carmine Stefano Community Centre,0.3,0,54,"43.7258122,-79.53716079999998"
Yoga,Seneca Village Community Centre,0.5,0,72,"43.7940309,-79.351132"
Body Sculpt,North Toronto Memorial Community Centre,1,0,330,"43.7061669,-79.40532659999997"
Body Sculpt,North Toronto Memorial Community Centre,1,0,352,"43.7061669,-79.40532659999997"
Tai Chi,Oriole Community Centre,0.86667,0,260,"43.7794389,-79.34849179999998"
Gentle Fit,Pleasantview Community Centre,0.36,0,90,"43.78748239999999,-79.33652219999999"
Gentle Fit,Gord And Irene Risk Community Centre,0.26667,0,36,"43.7472214,-79.56701679999998"
Tai Chi - Advanced,Beaches Recreation Centre,1,0,200,"43.674287,-79.29778629999998"
Gentle Fit,Leaside Memorial Gardens Arena,1,0,385,"43.7020811,-79.36010799999997"
Gentle Fit,Oriole Community Centre,1.03333,6,310,"43.7794389,-79.34849179999998"
Gentle Fit,Oriole Community Centre,0.9,2,324,"43.7794389,-79.34849179999998"
Gentle Fit,Cliffwood Manor - T.C.H.,0.13333,0,48,"43.81049489999999,-79.36116390000001"
Cardio High/Low,Edenbridge Seniors Centre,0.91667,0,132,"43.6773759,-79.51010629999996"
Yoga: Caregiver and Baby,Trinity Community Recreation Centre,0.83333,0,90,"43.6480604,-79.41482500000001"
Pilates,Trinity Community Recreation Centre,0.83333,0,90,"43.6480604,-79.41482500000001"
Boot Camp,Mitchell Field Community Centre,0.2,0,116,"43.7746895,-79.40831689999999"
ZUMBA,John G. Althouse CS,0.45,0,81,"43.66795159999999,-79.55419749999999"
Tai Chi: Beginner,Edithvale Community Centre,0.96,2,264,"43.7771858,-79.42555349999998"
Boot Camp,Edithvale Community Centre,0.84615,9,265,"43.7771858,-79.42555349999998"
Cardio Low Impact,Edenbridge Seniors Centre,0.91667,0,132,"43.6773759,-79.51010629999996"
Tai Chi: Gigong,Douglas Snow Aquatic Centre,0.72222,0,143,"43.7674564,-79.41324200000003"
Tai Chi,Falstaff Community Centre,0.6,0,120,"43.7161744,-79.5065922"
ZUMBA ((r),Lawrence Heights Community Centre,0.95,6,380,"43.7178736,-79.44190759999998"
Boot Camp,Joseph J. Piccininni Community Centre,0.4,0,36,"43.6744016,-79.4524571"
ZUMBA,Joseph J. Piccininni Community Centre,0.6,0,54,"43.6744016,-79.4524571"
Yoga,Kingsview Village CS,1.4,7,189,"43.6977392,-79.55086069999999"
Yoga,Dennis R.Timbrell Resource Centre,1,26,135,"43.7180138,-79.33185709999998"
Tai Chi,Thistletown Seniors' Ctr,0.6,0,54,"43.73564440000001,-79.5635049"
Tai Chi: Beginner,Lawrence Heights Community Centre,2,1,360,"43.7178736,-79.44190759999998"
Yoga,St. Lawrence Community Recreation Centre,1,6,234,"43.6497792,-79.3650356"
Cardio High/Low,Wellesley Community Centre,0.96667,20,289,"43.6678691,-79.3745381"
Yoga,Elmbank Community Centre,0.28,0,112,"43.7349413,-79.58808579999999"
ZUMBA GOLD R,Edithvale Community Centre,0.91667,0,330,"43.7771858,-79.42555349999998"
Body Sculpt: Lower Body,Thistletown Community Centre,0.5,0,45,"43.73564440000001,-79.5635049"
Post Natal Fitness - Boot Camp,Toronto Pan Am Sports Centre,1,0,135,"43.791578,-79.19400080000003"
Yoga: Caregiver and Baby,Toronto Pan Am Sports Centre,0.28571,0,36,"43.791578,-79.19400080000003"
Yoga,L'Amoreaux Community Recreation Centre,0.85,20,170,"43.812911,-79.30359770000001"
Tai Chi,L'Amoreaux Community Recreation Centre,0.8,21,200,"43.812911,-79.30359770000001"
Yoga,Sir Adam Beck JS,0.83333,0,90,"43.6012496,-79.54857749999996"
Cardio Step Int/Adv,North Toronto Memorial Community Centre,0.4,0,88,"43.7061669,-79.40532659999997"
Yoga: Chair,Toronto Pan Am Sports Centre,0.16,0,44,"43.791578,-79.19400080000003"
Gentle Fit,Horner Ave Seniors Centre,0.6,0,179,"43.606533,-79.52697239999998"
Pilates,Horner Ave Seniors Centre,0.6,0,120,"43.606533,-79.52697239999998"
Gentle Fit,Grandravine Community Recreation Centre,1,3,210,"43.7521239,-79.49183119999998"
Gentle Fit,Grandravine Community Recreation Centre,0.90476,2,190,"43.7521239,-79.49183119999998"
Yoga: Chair,Birkdale Community Centre,1,2,275,"43.7682116,-79.26396729999999"
Yoga - Child,Ellesmere Community Centre,0.91667,7,121,"43.7607276,-79.29901899999999"
Tai Chi,Warden Hilltop Community Centre,0.56,0,154,"43.7161436,-79.28219939999997"
Pilates,Warden Hilltop Community Centre,0.76,0,209,"43.7161436,-79.28219939999997"
Yoga: Chair,Stephen Leacock Community Centre,1,2,220,"43.7870239,-79.30183669999997"
Gentle Fit,Thistletown Seniors' Ctr,0.33333,0,45,"43.73564440000001,-79.5635049"
Gentle Fit,Thistletown Seniors' Ctr,0.33333,0,45,"43.73564440000001,-79.5635049"
Yoga: Hatha,The Elms Community School,0.95,31,152,"43.72223289999999,-79.55296820000001"
Yoga,Domenico DiLuca Community Centre,0.7,0,63,"43.7419,-79.51572870000001"
Cardio High/Low,North Kipling Community Centre,0.9,12,243,"43.7595645,-79.58211670000003"
Yoga,Heron Park Community Centre,0.95,7,702,"43.7680142,-79.17636879999998"
Yoga,Humberwood Community Centre,0.58333,0,56,"43.72888529999999,-79.61897799999997"
Cardio High/Low,North Kipling Community Centre,1.02222,12,414,"43.7595645,-79.58211670000003"
Yoga,O'Connor Community Centre,1,6,400,"43.7188944,-79.3011323"
ZUMBA (R),Mitchell Field Community Centre,0.88889,1,400,"43.7746895,-79.40831689999999"
Pilates,Trace Manes Park Community Centre,1,0,176,"43.7055724,-79.36732330000001"
Body Sculpt,Edenbridge Seniors Centre,0.5,0,48,"43.6773759,-79.51010629999996"
ZUMBA,Amesbury Community Centre,0.15556,0,63,"43.7065208,-79.48234079999997"
Child Care for Women's only weight room,Lawrence Heights Community Centre,0.66667,3,108,"43.7178736,-79.44190759999998"
Gentle Fit,Gord And Irene Risk Community Centre,0.33333,0,45,"43.7472214,-79.56701679999998"
Yoga,Stephen Leacock Community Centre,7,2,70,"43.7870239,-79.30183669999997"
Gentle Fit,Seneca Village Community Centre,0.86667,0,312,"43.7940309,-79.351132"
Gentle Fit,O'Connor Community Centre,0.825,0,726,"43.7188944,-79.3011323"
Yoga: Hatha,Beaches Recreation Centre,1,0,225,"43.674287,-79.29778629999998"
Tai Chi,Fairmount Park Community Centre,0.73333,0,99,"43.6761778,-79.31469119999997"
Body Sculpt,Mitchell Field Community Centre,0.25,0,124,"43.7746895,-79.40831689999999"
Yoga: Chair,Don Montgomery Community Centre,0.96,4,216,"43.7329285,-79.26167699999996"
Yoga: Hatha,Don Montgomery Community Centre,1,12,242,"43.7329285,-79.26167699999996"
Stroller Fit,Joseph J. Piccininni Community Centre,0.5,0,90,"43.6744016,-79.4524571"
Stroller Fit,Joseph J. Piccininni Community Centre,0.2,0,36,"43.6744016,-79.4524571"
Stroller Fit,Joseph J. Piccininni Community Centre,1,0,180,"43.6744016,-79.4524571"
Gentle Fit,Oakdale Community Centre,1.12,1,336,"43.7487465,-79.51291759999998"
Gentle Fit,Oakdale Community Centre,1.08,0,297,"43.7487465,-79.51291759999998"
Pilates,Earl Bales Community Centre,0.38889,0,183,"43.752227,-79.432412"
Gentle Fit - Seniors,Driftwood Community Recreation Centre,1.28571,0,405,"43.7652519,-79.51853979999999"
Yoga: Power,Memorial Pool And Health Club,0.4,0,88,"43.6479023,-79.51853979999999"
Gentle Fit,Roding Community Centre,0.5,0,99,"43.7265239,-79.49358860000001"
Yoga,Mary McCormick Recreation Centre,0.91667,0,132,"43.64726100000001,-79.43329130000001"
Sit Fit & Stretch,Stephen Leacock Seniors Community Centre,1,4,330,"43.7870239,-79.30183669999997"
Sit Fit & Stretch,Stephen Leacock Seniors Community Centre,1,2,330,"43.7870239,-79.30183669999997"
Tai Chi- Beginner,Stephen Leacock Seniors Community Centre,0.97143,9,340,"43.7870239,-79.30183669999997"
Yoga,Agincourt Recreation Centre,0.75,0,150,"43.7880426,-79.27506549999998"
Yoga,Stephen Leacock Community Centre,1,10,250,"43.7870239,-79.30183669999997"
Tai Chi- Advanced,Scarborough Village Recreation Centre,0.96,2,274,"43.7410772,-79.21656489999998"
Walk Fit,North Kipling Community Centre,1.11111,5,450,"43.7595645,-79.58211670000003"
Osteo Fit,Heron Park Community Centre,0.95,18,780,"43.7680142,-79.17636879999998"
Osteo Fit,Heron Park Community Centre,0.925,12,770,"43.7680142,-79.17636879999998"
Pilates,East York Community Centre,0.8,0,132,"43.6909001,-79.34910789999998"
Pilates,McGregor Park Community Centre,0.3,0,99,"43.7471605,-79.28070220000001"
Pilates,McGregor Park Community Centre,0.24,0,66,"43.7471605,-79.28070220000001"
Cardio Hip Hop,Ellesmere Community Centre,0.9,0,162,"43.7607276,-79.29901899999999"
Gentle Fit,Mitchell Field Community Centre,0.88571,0,448,"43.7746895,-79.40831689999999"
ZUMBA (R),Birkdale Community Centre,0.86667,2,145,"43.7682116,-79.26396729999999"
Cardio Low Impact,East York Community Centre,0.45,0,108,"43.6909001,-79.34910789999998"
Gentle Fit,Cummer Park Community Centre,0.56667,0,157,"43.79916619999999,-79.37119469999999"
Gentle Fit,Cummer Park Community Centre,0.56667,0,179,"43.79916619999999,-79.37119469999999"
Yoga: Hatha,Birkdale Community Centre,1,3,220,"43.7682116,-79.26396729999999"
Yoga,Curran Hall Community Centre,0.8,0,320,"43.77847389999999,-79.21162950000002"
Body Sculpt,Edgehill House,0.75,0,27,"43.6714413,-79.51326899999998"
Cardio High/Low (Formally Fitness),Scarborough Village Recreation Centre,0.95,5,418,"43.7410772,-79.21656489999998"
Yoga,Ellesmere Community Centre,0.95,4,418,"43.7607276,-79.29901899999999"
ZUMBA GOLD,Thistletown Seniors' Ctr,0.73333,0,99,"43.73564440000001,-79.5635049"
Osteo Fit,Horner Ave Seniors Centre,0.35,0,136,"43.606533,-79.52697239999998"
Stretch and Strength,Birkdale Community Centre,0.825,0,418,"43.7682116,-79.26396729999999"
Stretch and Strength,Birkdale Community Centre,0.825,0,370,"43.7682116,-79.26396729999999"
Yoga: Hatha,Fairfield Seniors' Centre,0.95,0,171,"43.6395271,-79.51941820000002"
Yoga: Hatha,Fairfield Seniors' Centre,1,6,180,"43.6395271,-79.51941820000002"
Tai Chi - Beginners,Fairfield Seniors' Centre,0.9,1,81,"43.6395271,-79.51941820000002"
Osteo Fit,Burrows Hall Community Centre,0.55,0,110,"43.7923793,-79.23348450000003"
Body Sculpt: Lower Body,John G. Althouse CS,0.85,0,153,"43.66795159999999,-79.55419749999999"
Yoga: Beginner,L'Amoreaux Community Recreation Centre,0.85,24,170,"43.812911,-79.30359770000001"
Yoga,Oakridge Community Recreation Centre,0.96667,22,319,"43.6945218,-79.28299199999998"
Yoga,Don Montgomery Community Centre,0.6,4,198,"43.7329285,-79.26167699999996"
Yoga,Douglas Snow Aquatic Centre,0.83333,7,220,"43.7674564,-79.41324200000003"
Tai Chi: Intermediate,Barbara Frum Community Centre,0.92,0,230,"43.7207412,-79.43214820000003"
Tai Chi,Broadlands Community Centre,0.59091,0,130,"43.7462809,-79.32155799999998"
ZUMBA R,Earl Bales Community Centre,0.95,2,209,"43.752227,-79.432412"
Cardio Mix - Girls,Annette Community Recreation Centre,0.52,0,78,"43.6551041,-79.45940150000001"
Gentle Fit,Goulding Community Centre,0.8,0,240,"43.7908924,-79.42186019999997"
Gentle Fit: Intermediate,Edithvale Community Centre,0.67857,0,190,"43.7771858,-79.42555349999998"
Yoga: Caregiver and Baby,Stan Wadlow Clubhouse,0.5,0,54,"43.6988304,-79.3145151"
Osteo Fit,Annette Community Recreation Centre,0.56667,0,291,"43.6551041,-79.45940150000001"
Pilates,Thistletown Seniors' Ctr,0.5,0,45,"43.73564440000001,-79.5635049"
Stretch and Strength,Scarborough Village Recreation Centre,1,10,440,"43.7410772,-79.21656489999998"
Cardio High/Low (Formally Fitness),Scarborough Village Recreation Centre,0.96,9,264,"43.7410772,-79.21656489999998"
Qigong,Edenbridge Seniors Centre,0.7,0,77,"43.6773759,-79.51010629999996"
Tai Chi - Beginner,Beaches Recreation Centre,0.225,0,90,"43.674287,-79.29778629999998"
Yoga: Caregiver and Baby,Edithvale Community Centre,0.8,3,80,"43.7771858,-79.42555349999998"
Osteo Fit,Annette Community Recreation Centre,0.4,0,154,"43.6551041,-79.45940150000001"
Pilates,Trace Manes Park Community Centre,0.55,0,121,"43.7055724,-79.36732330000001"
ZUMBA GOLD (R),Banbury Community Centre,0.23333,0,63,"43.7418999,-79.36943500000001"
Pilates,North Toronto Memorial Community Centre,0.45,0,99,"43.7061669,-79.40532659999997"
Tai Chi,Port Union Community Recreation Centre,0.575,0,460,"43.7805404,-79.14038929999998"
ZUMBA,Edenbridge Seniors Centre,0.33333,0,48,"43.6773759,-79.51010629999996"
Pilates,Edgehill House,0.9,0,90,"43.6714413,-79.51326899999998"
Cardio Low Impact,Matty Eckler Recreation Centre,0.75,0,192,"43.6680898,-79.33898669999996"
Yoga: Caregiver and Baby,Joseph J. Piccininni Community Centre,0.53333,0,88,"43.6744016,-79.4524571"
Pilates: Intermediate,Barbara Frum Community Centre,0.93333,0,140,"43.7207412,-79.43214820000003"
Yoga: Caregiver and Baby,East York Community Centre,0.75,0,108,"43.6909001,-79.34910789999998"
Gentle Fit,West Rouge Community Centre,0.2,0,152,"43.7914676,-79.1248645"
Stretch and Strength,Warden Hilltop Community Centre,0.16667,0,55,"43.7161436,-79.28219939999997"
Cardio Low Impact,Port Union Community Recreation Centre,0.86667,0,702,"43.7805404,-79.14038929999998"
Gentle Fit,Port Union Community Recreation Centre,0.425,0,340,"43.7805404,-79.14038929999998"
Stretch and Strength,Port Union Community Recreation Centre,0.97778,1,880,"43.7805404,-79.14038929999998"
Pilates,Mary McCormick Recreation Centre,0.75,0,99,"43.64726100000001,-79.43329130000001"
Yoga: Beginner,Mitchell Field Community Centre,0.83333,0,150,"43.7746895,-79.40831689999999"
Yoga,Stephen Leacock Community Centre,0.94444,19,170,"43.7870239,-79.30183669999997"
Yoga: Caregiver and Baby,Memorial Pool And Health Club,0.96,3,265,"43.6479023,-79.51853979999999"
Family Yoga,Swansea Community Recreation Centre,0.6,0,108,"43.64396319999999,-79.4775952"
Gentle Fit,Banbury Community Centre,0.6,0,219,"43.7418999,-79.36943500000001"
Tai Chi: Wu Style Beginner - Intermediate,North Toronto Memorial Community Centre,0.84,0,231,"43.7061669,-79.40532659999997"
Yoga: Caregiver and Baby,Trinity Community Recreation Centre,1,0,108,"43.6480604,-79.41482500000001"
Yoga,New Toronto Seniors Centre,0.44444,0,72,"43.6004337,-79.50114500000001"
Gentle Fit,Douglas Snow Aquatic Centre,0.44444,0,91,"43.7674564,-79.41324200000003"
Dance: Ballet,Toronto Pan Am Sports Centre,0.35,0,63,"43.791578,-79.19400080000003"
Cardio Low Impact,East York Community Centre,0.35,0,84,"43.6909001,-79.34910789999998"
ZUMBA GOLD (R),Ellesmere Community Centre,0.25,0,370,"43.7607276,-79.29901899999999"
Walk Fit,Birkdale Community Centre,1,2,11,"43.7682116,-79.26396729999999"
Yoga: Chair,West Rouge Community Centre,0.3,0,120,"43.7914676,-79.1248645"
Tai Chi: Intermediate,Matty Eckler Recreation Centre,0.6,0,108,"43.6680898,-79.33898669999996"
Tai Chi: Yang Style Intermediate,Cummer Park Community Centre,0.7,0,168,"43.79916619999999,-79.37119469999999"
Gentle Fit,L'Amoreaux Community Recreation Centre,0.76,10,344,"43.812911,-79.30359770000001"
Yoga,Agincourt Recreation Centre,1,0,200,"43.7880426,-79.27506549999998"
Yoga: Caregiver and Baby,Withrow Park,0.91667,0,132,"43.6698716,-79.34611559999996"
Yoga: Beginner,Toronto Pan Am Sports Centre,0.35,0,63,"43.791578,-79.19400080000003"
ZUMBA KIDS,Toronto Pan Am Sports Centre,0.9,1,81,"43.791578,-79.19400080000003"
Gentle Fit,Lawrence Heights Community Centre,1.04,8,276,"43.7178736,-79.44190759999998"
Yoga,Lawrence Heights Community Centre,1.75,0,315,"43.7178736,-79.44190759999998"
Cardio Low Impact,Wellesley Community Centre,1,0,270,"43.6678691,-79.3745381"
ZUMBA (R),O'Connor Community Centre,0.96667,31,290,"43.7188944,-79.3011323"
Pilates,North Toronto Memorial Community Centre,0.85714,7,264,"43.7061669,-79.40532659999997"
Tai Chi,Dennis R.Timbrell Resource Centre,0.85,0,340,"43.7180138,-79.33185709999998"
Gentle Fit,Jenner Jean-Marie Community Centre,1,0,275,"43.7028971,-79.34277120000002"
Gentle Fit,Jenner Jean-Marie Community Centre,0.76,0,209,"43.7028971,-79.34277120000002"
Yoga,O'Connor Community Centre,0.8,0,320,"43.7188944,-79.3011323"
Yoga: Hatha,Edenbridge Seniors Centre,1.125,0,108,"43.6773759,-79.51010629999996"
Yoga: Hatha,Regent Park South Community Centre,0.95,16,201,"43.65938389999999,-79.3623078"
Gentle Fit,Fairfield Seniors' Centre,0.75,0,270,"43.6395271,-79.51941820000002"
Gentle Fit,Masaryk- Cowan Community Centre,1,24,514,"43.63981159999999,-79.4329396"
Gentle Fit,Masaryk- Cowan Community Centre,1,15,497,"43.63981159999999,-79.4329396"
Yoga/Pilates Fusion,North Toronto Memorial Community Centre,0.5,0,110,"43.7061669,-79.40532659999997"
Osteo Fit,Stephen Leacock Seniors Community Centre,0.96667,3,319,"43.7870239,-79.30183669999997"
ZUMBA GOLD (R),L'Amoreaux Community Recreation Centre,0.975,38,351,"43.812911,-79.30359770000001"
Yoga: Hatha Beginner,Cummer Park Community Centre,1,0,240,"43.79916619999999,-79.37119469999999"
Osteo Fit,Thistletown Seniors' Ctr,0.46667,0,63,"43.73564440000001,-79.5635049"
Osteo Fit,Thistletown Seniors' Ctr,0.33333,0,45,"43.73564440000001,-79.5635049"
Gentle Fit,Masaryk- Cowan Community Centre,1,17,495,"43.63981159999999,-79.4329396"
Cardio High/Low,Warden Hilltop Community Centre,0.13333,0,44,"43.7161436,-79.28219939999997"
Yoga,Ellesmere Community Centre,1,1,176,"43.7607276,-79.29901899999999"
Pilates,Edgehill House,1,0,100,"43.6714413,-79.51326899999998"
ZUMBA GOLD R,Edithvale Community Centre,0.59091,0,165,"43.7771858,-79.42555349999998"
Tai Chi- Intermediate,Stephen Leacock Seniors Community Centre,0.92,1,230,"43.7870239,-79.30183669999997"
Pilates,Oakridge Community Recreation Centre,0.91111,12,451,"43.6945218,-79.28299199999998"
Yoga,North Toronto Memorial Community Centre,0.54167,0,143,"43.7061669,-79.40532659999997"
T.I.M.E.,North Toronto Memorial Community Centre,1,0,11,"43.7061669,-79.40532659999997"
Qigong,Matty Eckler Recreation Centre,0.8,0,182,"43.6680898,-79.33898669999996"
Yoga/Pilates Fusion,Curran Hall Community Centre,0.7,0,252,"43.77847389999999,-79.21162950000002"
T.I.M.E.,North Toronto Memorial Community Centre,1.25,1,220,"43.7061669,-79.40532659999997"
Tai Chi: Intermediate,Edithvale Community Centre,0.86667,0,130,"43.7771858,-79.42555349999998"
Yoga: Hatha,Don Montgomery Community Centre,0.86667,9,143,"43.7329285,-79.26167699999996"
Post Natal Yoga,Humberwood Community Centre,0.2,0,24,"43.72888529999999,-79.61897799999997"
ZUMBA GOLD R,Grandravine Community Recreation Centre,0.93333,1,154,"43.7521239,-79.49183119999998"
Family Yoga,Matty Eckler Recreation Centre,1,0,180,"43.6680898,-79.33898669999996"
Yoga: Intermediate,Dennis R.Timbrell Resource Centre,0.9,13,162,"43.7180138,-79.33185709999998"
Qigong,Edenbridge Seniors Centre,0.7,0,84,"43.6773759,-79.51010629999996"
T.I.M.E.,North Toronto Memorial Community Centre,0.33333,1,11,"43.7061669,-79.40532659999997"
Gentle Fit,Armour Heights Community Centre,0.73333,0,242,"43.7390394,-79.42194810000001"
ZUMBA,Ken Cox Community Centre,0.6875,0,99,"43.5909744,-79.51608010000001"
Tai Chi- Beginner,Scarborough Village Recreation Centre,0.92,19,253,"43.7410772,-79.21656489999998"
Osteo Fit,Scarborough Village Recreation Centre,1,8,275,"43.7410772,-79.21656489999998"
Osteo Fit,Birkdale Community Centre,0.23333,0,102,"43.7682116,-79.26396729999999"
ZUMBA GOLD,North Kipling Community Centre,1,7,405,"43.7595645,-79.58211670000003"
Yoga: Chair,Birkdale Community Centre,1,4,275,"43.7682116,-79.26396729999999"
Stretch and Strength,Birkdale Community Centre,0.5,0,252,"43.7682116,-79.26396729999999"
Yoga,Edgehill House,1,0,90,"43.6714413,-79.51326899999998"
Yoga: Hatha - Beginner,Annette Community Recreation Centre,0.45,0,115,"43.6551041,-79.45940150000001"
Osteo Fit,Port Union Community Recreation Centre,0.25,0,200,"43.7805404,-79.14038929999998"
Osteo Fit,Beaches Recreation Centre,0.3,0,54,"43.674287,-79.29778629999998"
Gentle Fit,Dennis R.Timbrell Resource Centre,0.75,0,270,"43.7180138,-79.33185709999998"
Cardio High/Low,Elmbank Community Centre,0.83333,0,225,"43.7349413,-79.58808579999999"
Cardio Mix,John Innes Community Recreation Centre,0.425,0,204,"43.6549206,-79.37084279999999"
Cardio High/Low,John Innes Community Recreation Centre,0.56667,0,204,"43.6549206,-79.37084279999999"
ZUMBA,John Innes Community Recreation Centre,1.1,1,264,"43.6549206,-79.37084279999999"
Cardio Dance,John Innes Community Recreation Centre,0.85,0,204,"43.6549206,-79.37084279999999"
Yoga/Pilates Fusion,Port Union Community Recreation Centre,0.22857,0,144,"43.7805404,-79.14038929999998"
Walk Fit,Birkdale Community Centre,0.11429,0,44,"43.7682116,-79.26396729999999"
Family Yoga,Memorial Pool And Health Club,0.73333,0,99,"43.6479023,-79.51853979999999"
Osteo Fit,Edenbridge Seniors Centre,0.58333,0,77,"43.6773759,-79.51010629999996"
Smart Start: Beginner,Edithvale Community Centre,1.66667,0,55,"43.7771858,-79.42555349999998"
Yoga,Edithvale Community Centre,0.25,0,55,"43.7771858,-79.42555349999998"
ZUMBA (R),Douglas Snow Aquatic Centre,0.76471,0,158,"43.7674564,-79.41324200000003"
ZUMBA R,Douglas Snow Aquatic Centre,0.58824,0,119,"43.7674564,-79.41324200000003"
Cardio High/Low,Douglas Snow Aquatic Centre,0.35714,0,55,"43.7674564,-79.41324200000003"
Cardio High/Low,Douglas Snow Aquatic Centre,0.35714,0,40,"43.7674564,-79.41324200000003"
Body Sculpt,Douglas Snow Aquatic Centre,0.46667,0,77,"43.7674564,-79.41324200000003"
ZUMBA (R),Dennis R.Timbrell Resource Centre,0.91667,6,550,"43.7180138,-79.33185709999998"
Tai Chi: Beginner,Matty Eckler Recreation Centre,0.85,0,153,"43.6680898,-79.33898669999996"
T.I.M.E. Together In Movement and Exercise,Wallace-Emerson Community Centre,0.75,0,216,"43.66683219999999,-79.43962169999998"
Yoga,L'Amoreaux Community Recreation Centre,0.85,20,170,"43.812911,-79.30359770000001"
Yoga,L'Amoreaux Community Recreation Centre,0.95,31,190,"43.812911,-79.30359770000001"
ZUMBA GOLD (R),Scarborough Village Recreation Centre,0.97778,31,396,"43.7410772,-79.21656489999998"
Yoga,Islington CS,0.875,0,189,"43.6475593,-79.52767510000001"
Yoga,Sir Adam Beck JS,0.75,0,81,"43.6012496,-79.54857749999996"
Yoga,Mitchell Field Community Centre,0.72222,0,130,"43.7746895,-79.40831689999999"
Gentle Fit,Islington Seniors' Centre,0.625,0,90,"43.64791839999999,-79.52995880000003"
ZUMBA GOLD,Islington Seniors' Centre,0.375,0,54,"43.64791839999999,-79.52995880000003"
Step Advanced,Mitchell Field Community Centre,0.25,0,50,"43.7746895,-79.40831689999999"
Body Sculpt,Ken Cox Community Centre,0.4,0,36,"43.5909744,-79.51608010000001"
Yoga: Caregiver and Baby,John English CS,0.9,7,81,"43.6118574,-79.494643"
ZUMBA (R),Warden Hilltop Community Centre,0.5,0,132,"43.7161436,-79.28219939999997"
Yoga: Caregiver and Child,Edgehill House,0.125,0,10,"43.6714413,-79.51326899999998"
Yoga,Main Square Community Centre,0.66667,0,110,"43.6866214,-79.3005159"
Yoga,Warden Hilltop Community Centre,0.46667,0,154,"43.7161436,-79.28219939999997"
Yoga: Hatha,Memorial Pool And Health Club,0.85,0,187,"43.6479023,-79.51853979999999"
Yoga: Hatha,Horner Ave Seniors Centre,0.8,0,160,"43.606533,-79.52697239999998"
Osteo Fit,Birkdale Community Centre,0.46667,0,173,"43.7682116,-79.26396729999999"
Pilates,West Rouge Community Centre,0.1,0,470,"43.7914676,-79.1248645"
Learn to Weight Train,Port Union Community Recreation Centre,0.5,0,64,"43.7805404,-79.14038929999998"
Yoga,Warden Hilltop Community Centre,0.36667,0,121,"43.7161436,-79.28219939999997"
Falun Gong,Oriole Community Centre,0.95,0,171,"43.7794389,-79.34849179999998"
ZUMBA GOLD,Stephen Leacock Seniors Community Centre,0.96667,29,290,"43.7870239,-79.30183669999997"
Tai Chi: Beginner,Jenner Jean-Marie Community Centre,0.56,0,126,"43.7028971,-79.34277120000002"
Tai Chi,Fairfield Seniors' Centre,1,3,90,"43.6395271,-79.51941820000002"
Osteo Fit,Fairfield Seniors' Centre,0.88,0,198,"43.6395271,-79.51941820000002"
Cardio Mix,Fairfield Seniors' Centre,0.9,0,162,"43.6395271,-79.51941820000002"
Osteo Fit,Fairfield Seniors' Centre,0.75,0,135,"43.6395271,-79.51941820000002"
Tai Chi: Qi Gong,Amesbury Community Centre,0.83333,0,90,"43.7065208,-79.48234079999997"
Tai Chi: Qi Gong,Amesbury Community Centre,0.75,0,81,"43.7065208,-79.48234079999997"
Yoga: Hatha,Edgehill House,0.41667,0,50,"43.6714413,-79.51326899999998"
Tai Chi,Mitchell Field Community Centre,1,5,198,"43.7746895,-79.40831689999999"
Yoga: Hatha - Beginner,Withrow Park,0.9375,0,180,"43.6698716,-79.34611559999996"
Yoga: Hatha - Intermediate,Withrow Park,0.875,0,168,"43.6698716,-79.34611559999996"
Family Yoga,Memorial Pool And Health Club,0.875,0,126,"43.6479023,-79.51853979999999"
Yoga,Jenner Jean-Marie Community Centre,1.9,40,304,"43.7028971,-79.34277120000002"
ZUMBA GOLD (R),Port Union Community Recreation Centre,0.575,0,612,"43.7805404,-79.14038929999998"
ZUMBA GOLD (R),Ellesmere Community Centre,0.22857,0,294,"43.7607276,-79.29901899999999"
ZUMBA GOLD (R),Birkdale Community Centre,0.88571,0,302,"43.7682116,-79.26396729999999"
Osteo Fit,Edithvale Community Centre,0.91667,1,121,"43.7771858,-79.42555349999998"
ZUMBA GOLD R,Goulding Community Centre,0.46667,0,140,"43.7908924,-79.42186019999997"
Boot Camp,Edenbridge Seniors Centre,0.375,0,33,"43.6773759,-79.51010629999996"
Osteo Fit,North Toronto Memorial Community Centre,1,2,275,"43.7061669,-79.40532659999997"
Smart Start: Intermediate,Edithvale Community Centre,0.77778,0,77,"43.7771858,-79.42555349999998"
Gentle Fit,Armour Heights Community Centre,0.3,0,120,"43.7390394,-79.42194810000001"
Yoga: Hatha,Edgehill House,1.08333,0,130,"43.6714413,-79.51326899999998"
Yoga: Hatha,Edgehill House,1,1,108,"43.6714413,-79.51326899999998"
Pilates,Edgehill House,0.2,0,20,"43.6714413,-79.51326899999998"
Pilates: All Levels,Edithvale Community Centre,0.95833,0,253,"43.7771858,-79.42555349999998"
Gentle Fit,Barbara Frum Community Centre,0.68,0,170,"43.7207412,-79.43214820000003"
Yoga,Cedarbrook Community Centre,1,7,400,"43.7551026,-79.22713999999996"
Yoga: Hatha - Beginner,East York Community Centre,0.55,0,132,"43.6909001,-79.34910789999998"
Yoga,L'Amoreaux Community Recreation Centre,0.95,28,190,"43.812911,-79.30359770000001"
Cardio and Sculpt (women's only),Jenner Jean-Marie Community Centre,1.6,11,216,"43.7028971,-79.34277120000002"
Osteo Fit,Don Montgomery Community Centre,1,8,330,"43.7329285,-79.26167699999996"
Osteo Fit,Don Montgomery Community Centre,1.03333,1,341,"43.7329285,-79.26167699999996"
Tai Chi -Beginner,St. Lawrence Community Recreation Centre,0.6,0,108,"43.6497792,-79.3650356"
Gentle Fit,Scarborough Village Recreation Centre,1,4,275,"43.7410772,-79.21656489999998"
Yoga/Pilates Fusion,St. Marcellus CSS,0.3,0,27,"43.67951739999999,-79.55419749999999"
Yoga/Pilates Fusion,St. Marcellus CSS,0.8,0,64,"43.67951739999999,-79.55419749999999"
Body Sculpt,Fairfield Seniors' Centre,1,3,135,"43.6395271,-79.51941820000002"
Body Sculpt: Stability Ball,Mitchell Field Community Centre,0.05,0,10,"43.7746895,-79.40831689999999"
Tai Chi,Pleasantview Community Centre,0.77778,0,140,"43.78748239999999,-79.33652219999999"
Yoga,Beaches Recreation Centre,0.6,0,81,"43.674287,-79.29778629999998"
Yoga: Caregiver and Baby,Fairmount Park Community Centre,0.8,0,108,"43.6761778,-79.31469119999997"
Stretch and Strength,Secord Community Centre,0.96667,5,261,"43.6922353,-79.3011323"
Yoga,Oakdale Community Centre,1.05556,3,171,"43.7487465,-79.51291759999998"
Pilates,Fairfield Seniors' Centre,0.625,0,45,"43.6395271,-79.51941820000002"
Gentle Fitness,Swansea Community Recreation Centre,0.16667,0,57,"43.64396319999999,-79.4775952"
Cardio High/Low Women's Only,Jenner Jean-Marie Community Centre,1.3,2,208,"43.7028971,-79.34277120000002"
Gentle Fit and Swim,Douglas Snow Aquatic Centre,0.41667,0,45,"43.7674564,-79.41324200000003"
Yoga: Hatha,Edgehill House,0.5,0,40,"43.6714413,-79.51326899999998"
Smart Start,Edithvale Community Centre,1,0,44,"43.7771858,-79.42555349999998"
Qigong,Oakridge Community Recreation Centre,0.96,10,264,"43.6945218,-79.28299199999998"
Osteo Fit,Fairfield Seniors' Centre,1,0,225,"43.6395271,-79.51941820000002"
ZUMBA GOLD,Fairfield Seniors' Centre,1,0,270,"43.6395271,-79.51941820000002"
Pilates: Beginner,Memorial Pool And Health Club,1,1,330,"43.6479023,-79.51853979999999"
Yoga: Kundalini,Port Union Community Recreation Centre,0.4,0,144,"43.7805404,-79.14038929999998"
Gentle Fit,Edenbridge Seniors Centre,0.41667,0,55,"43.6773759,-79.51010629999996"
Gentle Fit,Toronto Pan Am Sports Centre,0.1,0,36,"43.791578,-79.19400080000003"
Osteo Fit,Bob Abate Community Recreation Centre,0.6,0,81,"43.661438,-79.4199256"
Osteo Fit,Bob Abate Community Recreation Centre,0.6,0,72,"43.661438,-79.4199256"
Body Sculpt,Fairfield Seniors' Centre,0.9375,1,135,"43.6395271,-79.51941820000002"
Yoga: Hatha - Beginner,Secord Community Centre,0.96,20,216,"43.6922353,-79.3011323"
ZUMBA GOLD,Stephen Leacock Community Centre,0.9,16,324,"43.7870239,-79.30183669999997"
Yoga,Edithvale Community Centre,1,1,90,"43.7771858,-79.42555349999998"
Yoga - Child,Davisville Public School,0.66667,0,72,"43.6993862,-79.39459579999999"
Yoga,Hillcrest Community Centre,0.5,0,54,"43.6727097,-79.4056784"
Family Yoga,Memorial Pool And Health Club,0.625,0,90,"43.6479023,-79.51853979999999"
Cardio and Sculpt,Memorial Pool And Health Club,0.26667,0,44,"43.6479023,-79.51853979999999"
Yoga: Youth,Cedarbrook Community Centre,0.2,0,72,"43.7551026,-79.22713999999996"
Yoga,East York Community Centre,0.75,0,108,"43.6909001,-79.34910789999998"
Yoga,Scarborough Village Recreation Centre,0.56667,0,187,"43.7410772,-79.21656489999998"
Yoga/Pilates Fusion,Memorial Pool And Health Club,0.33333,0,45,"43.6479023,-79.51853979999999"
ZUMBA KIDS,Joseph J. Piccininni Community Centre,1,0,99,"43.6744016,-79.4524571"
Cardio and Sculpt,Joseph J. Piccininni Community Centre,0.65,0,117,"43.6744016,-79.4524571"
Yoga - Child,Stephen Leacock Community Centre,0.66667,1,80,"43.7870239,-79.30183669999997"
Yoga - Child,Dennis R.Timbrell Resource Centre,0.6,4,54,"43.7180138,-79.33185709999998"
Cardio- Youth,Cedarbrook Community Centre,0.1,0,340,"43.7551026,-79.22713999999996"
ZUMBA (R),Don Montgomery Community Centre,0.75,0,165,"43.7329285,-79.26167699999996"
ZUMBA KIDS,Joseph J. Piccininni Community Centre,0.86667,1,117,"43.6744016,-79.4524571"
Yoga,Park Lawn CS,0.58333,0,63,"43.6379427,-79.4958732"
Yoga Kids,Toronto Pan Am Sports Centre,0.58333,0,63,"43.791578,-79.19400080000003"
ZUMBA KIDS,Park Lawn CS,0.6,0,54,"43.6379427,-79.4958732"
Yoga Kids,Jenner Jean-Marie Community Centre,1.5,11,135,"43.7028971,-79.34277120000002"
Body Sculpt: Lower Body,Islington CS,1,5,108,"43.6475593,-79.52767510000001"
ZUMBA (R),Birkdale Community Centre,0.3,0,99,"43.7682116,-79.26396729999999"
Yoga,Jimmie Simpson Recreation Centre,0.25714,0,113,"43.661372,-79.34479549999998"
Yoga,McGregor Park Community Centre,0.65,0,143,"43.7471605,-79.28070220000001"
Cardio High/Low,North Kipling Community Centre,0.93333,0,126,"43.7595645,-79.58211670000003"
ZUMBA,Park Lawn CS,0.6,0,54,"43.6379427,-79.4958732"
Yoga - Child,L'Amoreaux Community Recreation Centre,1,1,120,"43.812911,-79.30359770000001"
Yoga: Hatha,Edgehill House,0.66667,0,80,"43.6714413,-79.51326899999998"
Pilates: Beginner,North Toronto Memorial Community Centre,0.92,0,253,"43.7061669,-79.40532659999997"
Yoga: Intermediate,John English CS,1,0,135,"43.6118574,-79.494643"
Yoga,John English CS,1,0,135,"43.6118574,-79.494643"
Yoga - Child,Stephen Leacock Community Centre,0.75,1,90,"43.7870239,-79.30183669999997"
ZUMBA (R),Centennial Recreation Centre-Scarborough,0.825,24,780,"43.7733929,-79.23595169999999"
ZUMBA (R),Centennial Recreation Centre-Scarborough,0.95,23,830,"43.7733929,-79.23595169999999"
Pilates,Main Square Community Centre,1,0,170,"43.6866214,-79.3005159"
Yoga: Hatha - Intermediate,Masaryk- Cowan Community Centre,1,6,164,"43.63981159999999,-79.4329396"
Cardio Kick Boxing,Joseph J. Piccininni Community Centre,0.6,0,81,"43.6744016,-79.4524571"
Cardio Kick Boxing,Joseph J. Piccininni Community Centre,0.86667,0,117,"43.6744016,-79.4524571"
Yoga - Beginner,Kingsview Village CS,1.2,9,162,"43.6977392,-79.55086069999999"
Pilates,Matty Eckler Recreation Centre,0.6,0,108,"43.6680898,-79.33898669999996"
Yoga,Elmbank Community Centre,0.83333,1,225,"43.7349413,-79.58808579999999"
Yoga,Elmbank Community Centre,0.8,0,192,"43.7349413,-79.58808579999999"
Family Yoga,Humberwood Community Centre,0.26667,0,32,"43.72888529999999,-79.61897799999997"
Yoga: Hatha - Beginner,John G. Althouse CS,0.83333,0,90,"43.66795159999999,-79.55419749999999"
Body Sculpt,Elmbank Community Centre,1,6,210,"43.7349413,-79.58808579999999"
Yoga: Hatha,Wellesley Community Centre,0.76667,24,230,"43.6678691,-79.3745381"
Yoga: Power,Wellesley Community Centre,0.83333,20,225,"43.6678691,-79.3745381"
Yoga: Hatha,Wellesley Community Centre,0.8,30,216,"43.6678691,-79.3745381"
Pilates,Centennial Recreation Centre-Scarborough,1,35,585,"43.7733929,-79.23595169999999"
Body Sculpt,Centennial Recreation Centre-Scarborough,0.9,18,648,"43.7733929,-79.23595169999999"
Body Sculpt,Centennial Recreation Centre-Scarborough,1,8,800,"43.7733929,-79.23595169999999"
ZUMBA (R),Warden Hilltop Community Centre,0.33333,0,88,"43.7161436,-79.28219939999997"
ZUMBA (R),West Rouge Community Centre,0.4,0,565,"43.7914676,-79.1248645"
Yoga,Humberwood Community Centre,0.5,0,40,"43.72888529999999,-79.61897799999997"
Family Yoga,West Rouge Community Centre,0.55,0,220,"43.7914676,-79.1248645"
Yoga- Women Only,Barbara Frum Community Centre,1,0,275,"43.7207412,-79.43214820000003"
Cardio High/Low,Driftwood Community Recreation Centre,1,0,220,"43.7652519,-79.51853979999999"
Pilates,Ellesmere Community Centre,0.52,0,143,"43.7607276,-79.29901899999999"
Pilates,Sir Adam Beck JS,0.58333,0,63,"43.6012496,-79.54857749999996"
Yoga,Antibes Community Centre,0.76667,26,253,"43.7810253,-79.44691879999999"
Yoga: Hatha,Mary McCormick Recreation Centre,1,0,132,"43.64726100000001,-79.43329130000001"
Pilates: Beginner,Cummer Park Community Centre,0.55,0,132,"43.79916619999999,-79.37119469999999"
Yoga,North Toronto Memorial Community Centre,0.4,0,110,"43.7061669,-79.40532659999997"
Yoga,North Toronto Memorial Community Centre,0.64,0,176,"43.7061669,-79.40532659999997"
Yoga: Power,Park Lawn CS,0.83333,0,80,"43.6379427,-79.4958732"
Yoga: Power,Park Lawn CS,1,0,108,"43.6379427,-79.4958732"
Pilates: Beginner,John G. Althouse CS,1,0,54,"43.66795159999999,-79.55419749999999"
ZUMBA,Park Lawn CS,0.56,0,126,"43.6379427,-79.4958732"
ZUMBA,Trace Manes Park Community Centre,0.23333,0,77,"43.7055724,-79.36732330000001"
Child Care For Fitness Programs,O'Connor Community Centre,1,1,200,"43.7188944,-79.3011323"
Child Care For Fitness Programs,O'Connor Community Centre,1,0,160,"43.7188944,-79.3011323"
Pilates,Edenbridge Seniors Centre,0.5,0,48,"43.6773759,-79.51010629999996"
Yoga,Dennis R.Timbrell Resource Centre,0.96,0,240,"43.7180138,-79.33185709999998"
Cardio High/Low,Malvern Recreation Centre,0.92,4,253,"43.8093594,-79.21621240000002"
Yoga,Stephen Leacock Seniors Community Centre,0.85,8,170,"43.7870239,-79.30183669999997"
Pilates: Beginner,John G. Althouse CS,0.66667,0,36,"43.66795159999999,-79.55419749999999"
Yoga - Child,Burrows Hall Community Centre,0.66667,0,100,"43.7923793,-79.23348450000003"
Body Sculpt:Lower Body,Swansea Community Recreation Centre,0.75,0,162,"43.64396319999999,-79.4775952"
Yoga: Hatha,Stan Wadlow Clubhouse,0.42857,0,54,"43.6988304,-79.3145151"
Yoga: Hatha,Stan Wadlow Clubhouse,0.42857,0,54,"43.6988304,-79.3145151"
Cardio High/Low,Secord Community Centre,0.93333,12,252,"43.6922353,-79.3011323"
ZUMBA (R),Ellesmere Community Centre,0.56,0,336,"43.7607276,-79.29901899999999"
Cardio and Sculpt,Masaryk- Cowan Community Centre,0.92,0,380,"43.63981159999999,-79.4329396"
Boot Camp,Masaryk- Cowan Community Centre,0.9,0,414,"43.63981159999999,-79.4329396"
Cardio High/Low,Scadding Court Community Centre,0.6,0,174,"43.6509638,-79.40462300000002"
Cardio High/Low,Scadding Court Community Centre,0.73333,0,218,"43.6509638,-79.40462300000002"
Family Yoga,John G. Althouse CS,1,0,96,"43.66795159999999,-79.55419749999999"
Yoga,St. Lawrence Community Recreation Centre,0.63333,0,171,"43.6497792,-79.3650356"
ZUMBA,Jimmie Simpson Recreation Centre,0.92308,0,777,"43.661372,-79.34479549999998"
Boot Camp,Jimmie Simpson Recreation Centre,0.94,0,605,"43.661372,-79.34479549999998"
Pilates:,Antibes Community Centre,0.90909,25,220,"43.7810253,-79.44691879999999"
ZUMBA,Secord Community Centre,0.96667,24,261,"43.6922353,-79.3011323"
Yoga,Joseph J. Piccininni Community Centre,0.2,0,27,"43.6744016,-79.4524571"
ZUMBA R,Antibes Community Centre,1,45,198,"43.7810253,-79.44691879999999"
Yoga,Joseph J. Piccininni Community Centre,0.4,0,54,"43.6744016,-79.4524571"
ZUMBA (R),Mitchell Field Community Centre,0.53333,0,214,"43.7746895,-79.40831689999999"
Pilates: Beginner/Intermediate,Keele Community Centre,0.75,0,135,"43.6579525,-79.46212639999999"
Yoga,Edithvale Community Centre,1,4,275,"43.7771858,-79.42555349999998"
Yoga,Oriole Community Centre,1,28,162,"43.7794389,-79.34849179999998"
Yoga: Youth,Malvern Recreation Centre,0.86667,0,130,"43.8093594,-79.21621240000002"
Pilates,Mary McCormick Recreation Centre,0.75,0,99,"43.64726100000001,-79.43329130000001"
Pilates,Memorial Pool And Health Club,0.24,0,130,"43.6479023,-79.51853979999999"
Yoga: Beginner,Humbercrest ES,0.73333,0,99,"43.6603304,-79.49095249999999"
Yoga: Kundalini,Islington CS,1,0,192,"43.6475593,-79.52767510000001"
Body Sculpt: Lower Body,Islington CS,0.9,0,162,"43.6475593,-79.52767510000001"
ZUMBA (R),Warden Hilltop Community Centre,1,0,264,"43.7161436,-79.28219939999997"
Stretch and Strength,Warden Hilltop Community Centre,0.26667,0,88,"43.7161436,-79.28219939999997"
Pilates,Scarborough Village Recreation Centre,0.96,17,265,"43.7410772,-79.21656489999998"
Pilates,West Rouge Community Centre,0.3,0,120,"43.7914676,-79.1248645"
Yoga,Tall Pines Community Centre,0.5,0,180,"43.7986994,-79.1509729"
Yoga,Tall Pines Community Centre,0.55,0,220,"43.7986994,-79.1509729"
Yoga/Pilates Fusion,West Rouge Community Centre,0.95,0,361,"43.7914676,-79.1248645"
Cardio Bollywood,Port Union Community Recreation Centre,0.08889,0,490,"43.7805404,-79.14038929999998"
ZUMBA (R),Port Union Community Recreation Centre,0.2,0,540,"43.7805404,-79.14038929999998"
Cardio High/Low,Port Union Community Recreation Centre,0.3,0,459,"43.7805404,-79.14038929999998"
Body Sculpt,Keele Community Centre,0.20833,0,53,"43.6579525,-79.46212639999999"
ZUMBA (R),Keele Community Centre,0.52,0,117,"43.6579525,-79.46212639999999"
Yoga: Hatha,Centennial Recreation Centre-Scarborough,1,35,650,"43.7733929,-79.23595169999999"
Yoga,McGregor Park Community Centre,0.3,0,99,"43.7471605,-79.28070220000001"
ZUMBA (R),Oakridge Community Recreation Centre,1,4,11,"43.6945218,-79.28299199999998"
Family Yoga,Don Montgomery Community Centre,0.9,7,198,"43.7329285,-79.26167699999996"
ZUMBA,Withrow Park,0.45455,0,110,"43.6698716,-79.34611559999996"
Yoga,Chalkfarm Community Centre,0.86667,0,117,"43.7242326,-79.51203909999998"
ZUMBA,Joseph J. Piccininni Community Centre,0.7,0,126,"43.6744016,-79.4524571"
Yoga: Hatha,Swansea Community Recreation Centre,0.25,0,54,"43.64396319999999,-79.4775952"
Boot Camp,Falstaff Community Centre,1,9,221,"43.7161744,-79.5065922"
Boot Camp,Falstaff Community Centre,1,3,205,"43.7161744,-79.5065922"
Pilates,Fairbank Memorial Community Centre,0.35,0,77,"43.6917299,-79.4475342"
Yoga,Warden Hilltop Community Centre,0.56667,0,187,"43.7161436,-79.28219939999997"
Yoga : Hatha - Beginner,Annette Community Recreation Centre,0.92857,0,187,"43.6551041,-79.45940150000001"
Pilates: Beginner,Annette Community Recreation Centre,0.35,0,98,"43.6551041,-79.45940150000001"
ZUMBA,Joseph J. Piccininni Community Centre,1.2,0,108,"43.6744016,-79.4524571"
Pilates,Trinity Community Recreation Centre,0.75,0,135,"43.6480604,-79.41482500000001"
Yoga,Edenbridge Seniors Centre,0.8,0,88,"43.6773759,-79.51010629999996"
Pilates,Fairmount Park Community Centre,0.4,0,54,"43.6761778,-79.31469119999997"
Boot Camp,Falstaff Community Centre,1,7,181,"43.7161744,-79.5065922"
Tai Chi,Edenbridge Seniors Centre,0.7,0,84,"43.6773759,-79.51010629999996"
Cardio Mix,Edithvale Community Centre,0.32,0,72,"43.7771858,-79.42555349999998"
ZUMBA (R),O'Connor Community Centre,1,19,880,"43.7188944,-79.3011323"
ZUMBA (R),Oriole Community Centre,0.63333,30,418,"43.7794389,-79.34849179999998"
Cardio High/Low,Hollycrest CS,0.4,0,216,"43.65616430000001,-79.58246789999998"
Cardio High/Low,Hollycrest CS,0.23333,0,63,"43.65616430000001,-79.58246789999998"
Cardio High/Low,Hollycrest CS,0.13333,0,36,"43.65616430000001,-79.58246789999998"
Yoga,John Innes Community Recreation Centre,1,10,72,"43.6549206,-79.37084279999999"
Yoga: Hatha,John Innes Community Recreation Centre,1,8,72,"43.6549206,-79.37084279999999"
Body Sculpt: Stability Ball,Edithvale Community Centre,1,0,153,"43.7771858,-79.42555349999998"
ZUMBA,Amesbury Community Centre,0.4,0,162,"43.7065208,-79.48234079999997"
Pilates: Beginner,Annette Community Recreation Centre,0.9,0,303,"43.6551041,-79.45940150000001"
Yoga/Pilates Fusion,Edithvale Community Centre,0.92593,4,275,"43.7771858,-79.42555349999998"
Yoga: Power,Wallace-Emerson Community Centre,0.66667,0,96,"43.66683219999999,-79.43962169999998"
Yoga: Hatha,Jimmie Simpson Recreation Centre,1.13333,21,443,"43.661372,-79.34479549999998"
Yoga: Youth,L'Amoreaux Community Recreation Centre,0.86667,2,130,"43.812911,-79.30359770000001"
Yoga,Birkdale Community Centre,0.63333,0,209,"43.7682116,-79.26396729999999"
Yoga: Beginner,Pleasantview Community Centre,1,0,264,"43.78748239999999,-79.33652219999999"
ZUMBA,Hollycrest CS,0.93333,2,126,"43.65616430000001,-79.58246789999998"
Stretch and Strength,Scarborough Village Recreation Centre,0.9,3,396,"43.7410772,-79.21656489999998"
ZUMBA,Hollycrest CS,1,0,18,"43.65616430000001,-79.58246789999998"
Pilates: Intermediate,North Toronto Memorial Community Centre,0.44,0,121,"43.7061669,-79.40532659999997"
Yoga: Hatha,Fairbank Memorial Community Centre,0.61111,0,99,"43.6917299,-79.4475342"
Yoga,Edithvale Community Centre,0.96667,7,319,"43.7771858,-79.42555349999998"
Boot Camp,Bob Abate Community Recreation Centre,0.75,0,135,"43.661438,-79.4199256"
Pilates,Ken Cox Community Centre,0.83333,0,90,"43.5909744,-79.51608010000001"
Yoga,Humberwood Community Centre,0.5,0,48,"43.72888529999999,-79.61897799999997"
Yoga: Hatha Beginner,Cummer Park Community Centre,0.95,0,228,"43.79916619999999,-79.37119469999999"
Body Sculpt: Lower Body,Thistletown Community Centre,0.6,0,54,"43.73564440000001,-79.5635049"
Body Sculpt: Lower Body,Thistletown Community Centre,0.4,0,36,"43.73564440000001,-79.5635049"
Cardio Kickboxing,Thistletown Community Centre,0.4,0,72,"43.73564440000001,-79.5635049"
Cardio High/Low,Agincourt Recreation Centre,0.5,0,110,"43.7880426,-79.27506549999998"
Cardio High/Low,Burrows Hall Community Centre,0.2,0,44,"43.7923793,-79.23348450000003"
Yoga,Bedford Park Community Centre,0.26667,0,72,"43.72772459999999,-79.39987339999999"
Yoga,Park Lawn CS,1,0,108,"43.6379427,-79.4958732"
Yoga,Park Lawn CS,1,2,96,"43.6379427,-79.4958732"
ZUMBA TONING,John G. Althouse CS,1,0,180,"43.66795159999999,-79.55419749999999"
Yoga: Hatha,Toronto Pan Am Sports Centre,0.25,0,45,"43.791578,-79.19400080000003"
Boot Camp,John G. Althouse CS,0.52,0,117,"43.66795159999999,-79.55419749999999"
Boot Camp,John G. Althouse CS,0.48,0,108,"43.66795159999999,-79.55419749999999"
Cardio and Sculpt,John G. Althouse CS,0.4,0,72,"43.66795159999999,-79.55419749999999"
Body Sculpt: Lower Body,Thistletown Community Centre,0.4,0,36,"43.73564440000001,-79.5635049"
Cardio & Sculpt,Park Lawn CS,0.2,0,36,"43.6379427,-79.4958732"
Cardio & Sculpt,Park Lawn CS,0.2,0,32,"43.6379427,-79.4958732"
Yoga: Beginner,Norseman Community School And Pool,1,1,108,"43.6345864,-79.51572870000001"
Cardio High/Low,Earl Bales Community Centre,0.33333,0,110,"43.752227,-79.432412"
ZUMBA,Gord And Irene Risk Community Centre,0.71429,0,90,"43.7472214,-79.56701679999998"
Tai Chi,Islington CS,0.79167,0,171,"43.6475593,-79.52767510000001"
Body Sculpt,Centennial Recreation Centre-Scarborough,0.875,6,700,"43.7733929,-79.23595169999999"
Boot Camp,Warden Hilltop Community Centre,0.4,0,132,"43.7161436,-79.28219939999997"
Boot Camp,West Rouge Community Centre,0.25,0,505,"43.7914676,-79.1248645"
Cardio High/Low,Ellesmere Community Centre,0.2,0,255,"43.7607276,-79.29901899999999"
ZUMBA (R),Port Union Community Recreation Centre,0.53333,0,690,"43.7805404,-79.14038929999998"
Cardio Low Impact,Mitchell Field Community Centre,0.26667,0,88,"43.7746895,-79.40831689999999"
Yoga,Humberwood Community Centre,0.41667,0,40,"43.72888529999999,-79.61897799999997"
Cardio High/Low,North Kipling Community Centre,1,7,135,"43.7595645,-79.58211670000003"
ZUMBA (R),Heron Park Community Centre,0.875,30,750,"43.7680142,-79.17636879999998"
Cardio High/Low,Heron Park Community Centre,0.8,1,720,"43.7680142,-79.17636879999998"
Yoga: Hatha - Beginner,East York Community Centre,0.9,1,216,"43.6909001,-79.34910789999998"
Yoga: Hatha - Intermediate,East York Community Centre,0.45,0,108,"43.6909001,-79.34910789999998"
Yoga: Hatha - Beginner,Secord Community Centre,0.92,13,184,"43.6922353,-79.3011323"
Yoga: Hatha,Brown Community Centre,1,2,135,"43.6848973,-79.40128070000003"
Pilates: Intermediate,East York Community Centre,0.35,0,84,"43.6909001,-79.34910789999998"
Meditation,Centennial Recreation Centre-Scarborough,0.85,35,306,"43.7733929,-79.23595169999999"
Muscle Conditioning,Gord And Irene Risk Community Centre,0.5,0,63,"43.7472214,-79.56701679999998"
Cardio High/Low,Humberwood Community Centre,0.75,0,120,"43.72888529999999,-79.61897799999997"
Yoga,Cedarbrook Community Centre,1,12,400,"43.7551026,-79.22713999999996"
Tai Chi,McGregor Park Community Centre,0.05,0,22,"43.7471605,-79.28070220000001"
Pilates,John English CS,1,9,108,"43.6118574,-79.494643"
ZUMBA R,Barbara Frum Community Centre,0.7,0,261,"43.7207412,-79.43214820000003"
Pilates:,Antibes Community Centre,0.95,22,209,"43.7810253,-79.44691879999999"
ZUMBA,Hilltop Community School,1.11111,0,180,"43.6894687,-79.5318911"
Pilates,Joseph J. Piccininni Community Centre,0.5,0,45,"43.6744016,-79.4524571"
Cardio High/Low,Oakdale Community Centre,0.96,1,264,"43.7487465,-79.51291759999998"
Cardio High/Low,Oakdale Community Centre,1,2,283,"43.7487465,-79.51291759999998"
Cardio High/Low,Sir Adam Beck JS,0.25,0,50,"43.6012496,-79.54857749999996"
Cardio High/Low,Bloordale Community School,0.9,0,162,"43.6392378,-79.57263569999998"
Cardio High/Low,Bloordale Community School,0.66667,0,90,"43.6392378,-79.57263569999998"
Cardio High/Low,Bloordale Community School,0.41667,0,45,"43.6392378,-79.57263569999998"
Cardio High/Low,Goulding Community Centre,0.66667,0,132,"43.7908924,-79.42186019999997"
Yoga: Hatha,Ancaster Community Centre,0.85,0,187,"43.7337215,-79.46581809999998"
ZUMBA (R),Thistletown Community Centre,1,3,108,"43.73564440000001,-79.5635049"
Yoga: Beginner,Swansea Community Recreation Centre,0.375,0,81,"43.64396319999999,-79.4775952"
ZUMBA R,Goulding Community Centre,0.85,0,381,"43.7908924,-79.42186019999997"
Yoga/Pilates Fusion,James S. Bell CS,0.7,0,63,"43.59243710000001,-79.53031010000001"
Yoga,James S. Bell CS,0.66667,0,72,"43.59243710000001,-79.53031010000001"
ZUMBA,Elmbank Community Centre,0.73333,9,300,"43.7349413,-79.58808579999999"
Cardio High/Low,Wellesley Community Centre,0.9,24,243,"43.6678691,-79.3745381"
Pilates,Wellesley Community Centre,0.8,21,216,"43.6678691,-79.3745381"
Cardio High/Low,Wellesley Community Centre,0.83333,20,225,"43.6678691,-79.3745381"
Body Sculpt,Elmbank Community Centre,1.16667,3,245,"43.7349413,-79.58808579999999"
Tai Chi,St. Lawrence Community Recreation Centre,0.9,0,162,"43.6497792,-79.3650356"
Pilates: Beginner,Edgehill House,0.8,0,80,"43.6714413,-79.51326899999998"
Pilates: Beginner,Edithvale Community Centre,0.86364,0,209,"43.7771858,-79.42555349999998"
Cardio High/Low,Sir Adam Beck JS,0.2,0,40,"43.6012496,-79.54857749999996"
Yoga: Hatha-Intermediate,Bloordale Community School,1,0,204,"43.6392378,-79.57263569999998"
Yoga: Hatha Beginner,Bloordale Community School,0.5,0,54,"43.6392378,-79.57263569999998"
Body Sculpt,Edenbridge Seniors Centre,1,0,96,"43.6773759,-79.51010629999996"
Yoga,Dennis R.Timbrell Resource Centre,0.9,12,162,"43.7180138,-79.33185709999998"
Yoga: Hatha,Trinity Community Recreation Centre,0.86667,0,117,"43.6480604,-79.41482500000001"
Yoga,Main Square Community Centre,0.4,0,54,"43.6866214,-79.3005159"
Tai Chi,S.H. Armstrong Community Centre,0.58333,0,63,"43.66623620000001,-79.32243829999999"
Yoga: Kundalini,Fairmount Park Community Centre,0.86667,0,117,"43.6761778,-79.31469119999997"
Yoga,Oakridge Community Recreation Centre,0.93333,47,308,"43.6945218,-79.28299199999998"
Tai Chi- Intermediate,Oriole Community Centre,0.80645,0,250,"43.7794389,-79.34849179999998"
Tai Chi,Oriole Community Centre,1,3,330,"43.7794389,-79.34849179999998"
Body Sculpt,Trace Manes Park Community Centre,0.44444,0,88,"43.7055724,-79.36732330000001"
Body Sculpt,Oriole Community Centre,0.95,22,244,"43.7794389,-79.34849179999998"
Pilates,Banbury Community Centre,0.24,0,60,"43.7418999,-79.36943500000001"
Yoga,Adam Beck Community Centre,0.5,0,54,"43.6820169,-79.2886282"
Yoga: Hatha,Edgehill House,1.08333,0,130,"43.6714413,-79.51326899999998"
Yoga: Power,Swansea Community Recreation Centre,0.625,0,135,"43.64396319999999,-79.4775952"
Cardio High/Low,Mount Dennis Community Hall,0.26667,0,36,"43.68807260000001,-79.48954659999998"
Cardio High/Low,Mount Dennis Community Hall,0.26667,0,36,"43.68807260000001,-79.48954659999998"
Yoga,Ellesmere Community Centre,0.55,0,242,"43.7607276,-79.29901899999999"
Step,Gord And Irene Risk Community Centre,0.42857,0,54,"43.7472214,-79.56701679999998"
Yoga,Sir Adam Beck JS,0.58333,0,63,"43.6012496,-79.54857749999996"
Yoga,Earl Bales Community Centre,0.7,0,154,"43.752227,-79.432412"
Tai Chi,Withrow Park,1,0,168,"43.6698716,-79.34611559999996"
Pilates: Intermediate,Cummer Park Community Centre,0.4,0,96,"43.79916619999999,-79.37119469999999"
Yoga,Oakdale Community Centre,0.94444,7,153,"43.7487465,-79.51291759999998"
Yoga: Hatha,Withrow Park,1.125,0,216,"43.6698716,-79.34611559999996"
ZUMBA (R) Women's only,Jenner Jean-Marie Community Centre,1.5,26,495,"43.7028971,-79.34277120000002"
Cardio Low Impact,Trace Manes Park Community Centre,0.38889,0,77,"43.7055724,-79.36732330000001"
Yoga,Goulding Community Centre,0.5,0,99,"43.7908924,-79.42186019999997"
Yoga,Malvern Recreation Centre,0.96667,23,290,"43.8093594,-79.21621240000002"
Yoga,Don Montgomery Community Centre,0.8,16,176,"43.7329285,-79.26167699999996"
Yoga: Hatha,St. Marcellus CSS,0.94444,1,136,"43.67951739999999,-79.55419749999999"
Yoga: Hatha,St. Marcellus CSS,0.38889,0,63,"43.67951739999999,-79.55419749999999"
Yoga: Hatha,St. Marcellus CSS,0.88889,0,144,"43.67951739999999,-79.55419749999999"
Cardio Dance - Adult,Victoria Village Arena,0.68571,0,264,"43.720884,-79.31909300000001"
Pilates,Secord Community Centre,0.92,11,207,"43.6922353,-79.3011323"
Body Sculpt: Lower Body,Secord Community Centre,0.96667,0,261,"43.6922353,-79.3011323"
ZUMBA,Domenico DiLuca Community Centre,0.53846,0,63,"43.7419,-79.51572870000001"
Boot Camp,Domenico DiLuca Community Centre,0.53333,0,72,"43.7419,-79.51572870000001"
Boot Camp,Domenico DiLuca Community Centre,0.4,0,48,"43.7419,-79.51572870000001"
Yoga,Burrows Hall Community Centre,0.8,0,160,"43.7923793,-79.23348450000003"
Tai Chi,Agincourt Recreation Centre,0.65,0,130,"43.7880426,-79.27506549999998"
Yoga,L'Amoreaux Community Recreation Centre,0.93333,3,280,"43.812911,-79.30359770000001"
Cardio High/Low,John G. Althouse CS,0.73333,0,176,"43.66795159999999,-79.55419749999999"
Yoga,Milliken Park Community Recreation,0.3,0,60,"43.8302091,-79.2740086"
Yoga,L'Amoreaux Community Recreation Centre,0.97143,13,340,"43.812911,-79.30359770000001"
Body Sculpt,Ellesmere Community Centre,0.06667,0,141,"43.7607276,-79.29901899999999"
Meditation,West Rouge Community Centre,0.15,0,480,"43.7914676,-79.1248645"
Cardio High/Low,Scarborough Village Recreation Centre,1,8,282,"43.7410772,-79.21656489999998"
ZUMBA (R),Ellesmere Community Centre,0.32,0,255,"43.7607276,-79.29901899999999"
Yoga,Grandravine Community Recreation Centre,0.95,15,209,"43.7521239,-79.49183119999998"
Cardio Low Impact,Cedarbrook Community Centre,1,3,400,"43.7551026,-79.22713999999996"
Yoga,John English CS,0.93333,9,126,"43.6118574,-79.494643"
ZUMBA (R),Oakridge Community Recreation Centre,1,6,11,"43.6945218,-79.28299199999998"
Pilates,Glen Long Community Centre,0.375,0,60,"43.7089778,-79.45614920000003"
Cardio High/Low,Elmbank Community Centre,0.86667,1,351,"43.7349413,-79.58808579999999"
Tai Chi,Hollycrest CS,0.84615,0,99,"43.65616430000001,-79.58246789999998"
Yoga,John English CS,1,0,135,"43.6118574,-79.494643"
ZUMBA,Joseph J. Piccininni Community Centre,0.7,0,126,"43.6744016,-79.4524571"
Yoga,Hollycrest CS,0.66667,0,72,"43.65616430000001,-79.58246789999998"
Yoga,Hollycrest CS,1,0,108,"43.65616430000001,-79.58246789999998"
Tai Chi,Broadlands Community Centre,0.31818,0,77,"43.7462809,-79.32155799999998"
Yoga - Intermediate,Kingsview Village CS,1.06667,9,144,"43.6977392,-79.55086069999999"
ZUMBA R,Roding Community Centre,0.6,0,198,"43.7265239,-79.49358860000001"
Tai Chi,Antibes Community Centre,0.84,25,231,"43.7810253,-79.44691879999999"
Yoga,Jimmie Simpson Recreation Centre,1,12,254,"43.661372,-79.34479549999998"
Cardio Mix,Edithvale Community Centre,0.72,5,198,"43.7771858,-79.42555349999998"
Cardio High/Low,Roding Community Centre,0.33333,0,110,"43.7265239,-79.49358860000001"
Yoga,Centennial Recreation Centre - Etobicoke,0.41667,0,45,"43.6909825,-79.47777099999996"
Yoga,Centennial Recreation Centre - Etobicoke,0.66667,0,72,"43.6909825,-79.47777099999996"
Yoga: Hatha - Intermediate,John G. Althouse CS,1,3,108,"43.66795159999999,-79.55419749999999"
Yoga: Hatha - Beginner,John G. Althouse CS,1,2,108,"43.66795159999999,-79.55419749999999"
ZUMBA,Swansea Community Recreation Centre,0.9,0,243,"43.64396319999999,-79.4775952"
ZUMBA,Chalkfarm Community Centre,1,7,180,"43.7242326,-79.51203909999998"
Yoga: Hatha,Centennial Recreation Centre-Scarborough,0.95,30,640,"43.7733929,-79.23595169999999"
Tai Chi: Beginner,Main Square Community Centre,0.33333,0,55,"43.6866214,-79.3005159"
Yoga,Domenico DiLuca Community Centre,0.7,0,63,"43.7419,-79.51572870000001"
Yoga,Edgehill House,1,0,72,"43.6714413,-79.51326899999998"
Yoga: Hatha - Beginner,Masaryk- Cowan Community Centre,0.88889,12,161,"43.63981159999999,-79.4329396"
Child Care For Fitness Programs,The Elms Community School,1.3,3,104,"43.72223289999999,-79.55296820000001"
ZUMBA,The Elms Community School,0.95,12,304,"43.72223289999999,-79.55296820000001"
Pilates: Intermediate,Earl Beatty Community Centre,0.7,0,126,"43.6864888,-79.32032549999997"
ZUMBA TONING,Centennial Recreation Centre - Etobicoke,1.33333,2,180,"43.6909825,-79.47777099999996"
Boot Camp,Centennial Recreation Centre - Etobicoke,1.13333,0,153,"43.6909825,-79.47777099999996"
Pilates: Intermediate,Memorial Pool And Health Club,0.48,0,132,"43.6479023,-79.51853979999999"
Yoga,North Toronto Memorial Community Centre,0.96,0,264,"43.7061669,-79.40532659999997"
Pilates,Memorial Pool And Health Club,0.76,0,209,"43.6479023,-79.51853979999999"
Yoga,Don Montgomery Community Centre,0.8,13,176,"43.7329285,-79.26167699999996"
Yoga,Earl Beatty Community Centre,0.9,0,243,"43.6864888,-79.32032549999997"
Pilates,Wallace-Emerson Community Centre,0.8,0,144,"43.66683219999999,-79.43962169999998"
Yoga,West Rouge Community Centre,0.4,0,144,"43.7914676,-79.1248645"
Cardio High/Low,Port Union Community Recreation Centre,0.15,0,432,"43.7805404,-79.14038929999998"
Cardio High/Low,Port Union Community Recreation Centre,0.2,0,490,"43.7805404,-79.14038929999998"
Yoga: Hatha,Matty Eckler Recreation Centre,0.55,0,99,"43.6680898,-79.33898669999996"
ZUMBA,Islington CS,1,13,225,"43.6475593,-79.52767510000001"
Yoga,Joseph J. Piccininni Community Centre,0.2,0,27,"43.6744016,-79.4524571"
Yoga,Joseph J. Piccininni Community Centre,0.4,0,54,"43.6744016,-79.4524571"
ZUMBA R,Glen Long Community Centre,0.36667,0,121,"43.7089778,-79.45614920000003"
Yoga: Power,Memorial Pool And Health Club,0.3,0,66,"43.6479023,-79.51853979999999"
ZUMBA (R),Warden Hilltop Community Centre,0.83333,0,220,"43.7161436,-79.28219939999997"
Yoga/Pilates Fusion,Edithvale Community Centre,0.91667,4,242,"43.7771858,-79.42555349999998"
Yoga,Warden Hilltop Community Centre,1,0,330,"43.7161436,-79.28219939999997"
Yoga/Pilates Fusion,Oakridge Community Recreation Centre,0.8,16,264,"43.6945218,-79.28299199999998"
Pilates,North Toronto Memorial Community Centre,0.7,0,154,"43.7061669,-79.40532659999997"
Yoga,Beaches Recreation Centre,0.9,0,162,"43.674287,-79.29778629999998"
Yoga,S.H. Armstrong Community Centre,0.58333,0,63,"43.66623620000001,-79.32243829999999"
Pilates: Intermediate,Edithvale Community Centre,0.91667,1,121,"43.7771858,-79.42555349999998"
Body Sculpt,Elmbank Community Centre,1.16667,1,245,"43.7349413,-79.58808579999999"
Yoga: Beginner,Falstaff Community Centre,0.85,0,155,"43.7161744,-79.5065922"
Yoga: Kundalini,Memorial Pool And Health Club,0.35,0,77,"43.6479023,-79.51853979999999"
Pilates,Joseph J. Piccininni Community Centre,0.5,0,45,"43.6744016,-79.4524571"
Yoga: Intermediate,Humbercrest ES,0.8,0,108,"43.6603304,-79.49095249999999"
Yoga/Pilates Fusion,Port Union Community Recreation Centre,0.82857,0,580,"43.7805404,-79.14038929999998"
Body Sculpt: Lower Body,Gord And Irene Risk Community Centre,0.28571,0,36,"43.7472214,-79.56701679999998"
Yoga: Resiliency,Islington CS,0.875,0,168,"43.6475593,-79.52767510000001"
Yoga: Power,Matty Eckler Recreation Centre,0.8,0,180,"43.6680898,-79.33898669999996"
Yoga,Tall Pines Community Centre,0.25,0,90,"43.7986994,-79.1509729"
Cardio High/Low,Mitchell Field Community Centre,0.3,0,87,"43.7746895,-79.40831689999999"
Yoga,Scarborough Village Recreation Centre,0.8,15,320,"43.7410772,-79.21656489999998"
Yoga,Scarborough Village Recreation Centre,0.66667,11,220,"43.7410772,-79.21656489999998"
Cardio High/Low,North Kipling Community Centre,1,3,135,"43.7595645,-79.58211670000003"
Pilates,John English CS,1,7,108,"43.6118574,-79.494643"
Yoga,McGregor Park Community Centre,0.06667,0,22,"43.7471605,-79.28070220000001"
Low Impact - Female ONLY,McGregor Park Community Centre,0.15,0,66,"43.7471605,-79.28070220000001"
Yoga: Women Only,Driftwood Community Recreation Centre,1.25,2,224,"43.7652519,-79.51853979999999"
Boot Camp,Thistletown Community Centre,0.75,0,135,"43.73564440000001,-79.5635049"
Cardio Mix,John G. Althouse CS,0.88,0,198,"43.66795159999999,-79.55419749999999"
ZUMBA,John G. Althouse CS,0.7,0,126,"43.66795159999999,-79.55419749999999"
Step,John G. Althouse CS,0.77778,0,126,"43.66795159999999,-79.55419749999999"
Cardio High/Low,Chalkfarm Community Centre,0.32,0,72,"43.7242326,-79.51203909999998"
Cardio Kick Boxing,Kingsview Village CS,1.2,9,162,"43.6977392,-79.55086069999999"
Yoga: Hatha,Edgehill House,1.08333,1,130,"43.6714413,-79.51326899999998"
Cardio: Mixed Trend,Edenbridge Seniors Centre,0.125,0,12,"43.6773759,-79.51010629999996"
Boot Camp,Edenbridge Seniors Centre,0.125,0,12,"43.6773759,-79.51010629999996"
Yoga/Pilates Fusion,John G. Althouse CS,1,0,108,"43.66795159999999,-79.55419749999999"
Cardio Mix,Mitchell Field Community Centre,0.36667,0,121,"43.7746895,-79.40831689999999"
ZUMBA (R),North Toronto Memorial Community Centre,0.93548,9,319,"43.7061669,-79.40532659999997"
Yoga,Main Square Community Centre,0.93333,1,158,"43.6866214,-79.3005159"
Pilates: Beginner,North Toronto Memorial Community Centre,0.36,0,99,"43.7061669,-79.40532659999997"
Yoga,Mitchell Field Community Centre,1.05556,0,209,"43.7746895,-79.40831689999999"
Pilates,Mitchell Field Community Centre,0.76667,0,253,"43.7746895,-79.40831689999999"
Yoga,Gord And Irene Risk Community Centre,0.57143,0,72,"43.7472214,-79.56701679999998"
Pilates: Intermediate,Edgehill House,1.1,1,110,"43.6714413,-79.51326899999998"
Yoga: Power,Ken Cox Community Centre,0.5,0,36,"43.5909744,-79.51608010000001"
ZUMBA,Earl Beatty Community Centre,0.6,0,108,"43.6864888,-79.32032549999997"
Step - Intermediate Female Only,Barbara Frum Community Centre,0.68182,0,159,"43.7207412,-79.43214820000003"
Cardio High/Low,North Kipling Community Centre,1.13333,6,153,"43.7595645,-79.58211670000003"
Cardio and Sculpt,Warden Hilltop Community Centre,0.1,0,33,"43.7161436,-79.28219939999997"
ZUMBA TONING,Gord And Irene Risk Community Centre,0.5,0,63,"43.7472214,-79.56701679999998"
Boot Camp,Kingsview Village CS,1.26667,7,171,"43.6977392,-79.55086069999999"
Pilates: Beginner,Norseman Community School And Pool,0.45455,0,45,"43.6345864,-79.51572870000001"
Yoga: Hatha Intermediate,Cummer Park Community Centre,0.25,0,60,"43.79916619999999,-79.37119469999999"
Body Sculpt: Lower Body,John G. Althouse CS,0.46667,0,112,"43.66795159999999,-79.55419749999999"
Yoga,Oakridge Community Recreation Centre,0.96667,31,319,"43.6945218,-79.28299199999998"
Yoga,Oakridge Community Recreation Centre,0.9,27,297,"43.6945218,-79.28299199999998"
Yoga,Don Montgomery Community Centre,0.95,9,209,"43.7329285,-79.26167699999996"
Tai Chi: Advanced,Main Square Community Centre,0.33333,0,55,"43.6866214,-79.3005159"
ZUMBA,Edenbridge Seniors Centre,0.5,0,48,"43.6773759,-79.51010629999996"
Pilates: Beginner,Earl Beatty Community Centre,0.6,0,108,"43.6864888,-79.32032549999997"
